{
  "colors": [
    {
      "id": 1,
      "title": "black",
      "code": "#000000"
    },
    {
      "id": 2,
      "title": "white",
      "code": "#ffffff"
    },
    {
      "id": 3,
      "title": "red",
      "code": "#dd0808"
    },
    {
      "id": 4,
      "title": "green",
      "code": "#00a814"
    },
    {
      "id": 5,
      "title": "blue",
      "code": "#180ae6"
    },
    {
      "id": 6,
      "title": "pink",
      "code": "#df8fe0"
    },
    {
      "id": 7,
      "title": "grey",
      "code": "#8A8A8A"
    },
    {
      "id": 8,
      "title": "yellow",
      "code": "#e8e337"
    },
    {
      "id": 9,
      "title": "brown",
      "code": "#4c3228"
    },
    {
      "id": 10,
      "title": "beige",
      "code": "#F5F5DC"
    },
    {
      "id": 11,
      "title": "violet",
      "code": "#5f4b8b"
    },
    {
      "id": 12,
      "title": "ruby",
      "code": "#9b111e"
    },
    {
      "id": 13,
      "title": "deepskyblue",
      "code": "#00bfff"
    },
    {
      "id": 14,
      "title": "bermudagreen",
      "code": "#C5FAE8"
    },
    {
      "id": 15,
      "title": "milk",
      "code": "#FDF1BD"
    }
  ],
  "categories": {
    "women": {
      "title": "Женское",
      "list": [
        {
          "title": "Бюстгальтеры",
          "slug": "bras"
        },
        {
          "title": "Трусы",
          "slug": "panties"
        },
        {
          "title": "Носки",
          "slug": "socks"
        },
        {
          "title": "Халаты",
          "slug": "bathrobes"
        },
        {
          "title": "Термобельё",
          "slug": "thermal"
        },
        {
          "title": "Пижамы",
          "slug": "pijamas"
        }
      ]
    },
    "men": {
      "title": "Мужское",
      "list": [
        {
          "title": "Нижнее бельё",
          "slug": "underwear"
        },
        {
          "title": "Носки",
          "slug": "socks"
        },
        {
          "title": "Халаты",
          "slug": "bathrobes"
        },
        {
          "title": "Термобельё",
          "slug": "thermal"
        }
      ]
    }
  },

  "goods": [
    {
      "id": "4491988883",
      "title": "Бюстгальтер балконет Sofia",
      "description": "Модель из кружева с цветочным узором, украшенным золотистой нитью ламе. Над чашками деталь из эластичной тесьмы, по центру золотистый аксессуар, напоминающий пирсинг. Эластичные бретели регулируются. Бюстгальтер обеспечивает оптимальную поддержку и подчеркивает зону декольте, округляя формы. Идеально подходит для создания чувственного и дерзкого образа.",
      "category": "bras",
      "price": 4990,
      "colors": [1, 2],
      "pic": "img/4491988883.jpg",
      "materials": "Полиамид",
      "gender": "women",
      "top": false,
      "size": ["65B", "65C","70B", "70C", "70D", "75B", "75D", "80D", "90B"]
    },
    {
      "id": "4108388994",
      "title": "Бюстгальтер Треугольной Формы Your Private",
      "description": "Бюстгальтер с треугольными чашками без уплотнения и косточек. Изделие выполнено из кружева с цветочным узором, украшенным золотистой нитью ламе. Особенность этой модели — деталь из эластичной тесьмы под грудью с золотистым аксессуаром, напоминающим пирсинг. Эластичные бретели регулируются на спинке. Чувственный и оригинальный бюстгальтер, подчеркивающий естественную форму груди.",
      "category": "bras",
      "price": 4490,
      "colors": [1],
      "pic": "img/4108388994.jpg",
      "materials": "Полиамид",
      "gender": "women",
      "top": true,
      "size": ["70B", "70C", "70D", "75C", "75D", "75E", "80D"]
    },
    {
      "id": "6084039153",
      "title": "Кружевной Бюстгальтер Супер Пуш-ап Elettra",
      "description": "Бюстгальтер Elettra с эффектом супер пуш-ап. Формованные чашки с объемным градуированным уплотнением и косточками. Бретели, обтянутые микрофиброй, регулируются на спинке. Пояс застегивается на крючки (четыре ряда по три крючка в высоту). Изделие выполнено из мягкого эластичного кружева с геометрическим узором. Отделка каймой придает модели романтичные нотки. Идеальный бюстгальтер для создания эффекта пышного объема, чтобы подчеркнуть привлекательность декольте под одеждой с глубоким вырезом.",
      "category": "bras",
      "price": 3990,
      "colors": [2, 3],
      "pic": "img/6084039153.jpg",
      "materials": "Полиамид",
      "gender": "women",
      "top": true,
      "size": ["65B", "65C", "65D", "70C", "70D", "75B"]
    },
    {
      "id": "7617690641",
      "title": "Бюстгальтер Треугольной Формы Loosen Heartstrings",
      "description": "Бюстгальтер треугольной формы с чашками из кружевной каймы, без косточек. Оригинальные детали — полностью съемный эластичный шнурок и эластичные тесемки с маленькими кольцами — позволяют создавать причудливые переплетения, придающие особую чувственность этой модели. Бретели из эластичной тесьмы регулируются на спинке. Идеальный бюстгальтер для тех, кто ценит сочетание оригинальности и чувственности.",
      "category": "bras",
      "price": 3490,
      "colors": [3, 2, 1, 6],
      "pic": "img/7617690641.jpg",
      "materials": "Полиамид",
      "gender": "women",
      "top": true,
      "size": ["75C", "75D", "80B", "85B", "90B", "95C"]
    },
    {
      "id": "9900032597",
      "title": "Бюстгальтер Треугольной Формы Loosen Heartstrings",
      "description": "Бюстгальтер Lara с треугольными чашками без уплотнения и косточек. Модель из эластичного хлопка. Формованные двухслойные чашки, плавно переходящие в бретели. Эластичная задняя часть бретелей может регулироваться. Боковые косточки и хлопковый пояс помогают поддерживать грудь. Благодаря специальному крючку бретели можно перекрещивать на спинке. Для лучшей поддержки груди в чашках размеров 5C, 6B и 6C предусмотрена дополнительная незаметная поддержка из тюля, при этом нижний слой, контактирующий с кожей, выполнен из хлопка.",
      "category": "bras",
      "price": 2490,
      "colors": [7, 1, 2],
      "pic": "img/9900032597.jpg",
      "materials": "Хлопок",
      "gender": "women",
      "top": true,
      "size": ["65B", "65C", "70B", "70C", "75C", "80C"]
    },
    {
      "id": "2200350722",
      "title": "Сексуальный кружевной бюстгальтер-балконетс деталями на шнуровке",
      "description": "Бюстгальтер-балконетиз кружева La Fleur, выполнен по технологии Wicked, в котором вы полюбите себя такой, какая вы есть.",
      "category": "bras",
      "price": 3590,
      "colors": [1, 2, 7],
      "pic": "img/2200350722.jpg",
      "materials": "Полиамид",
      "gender": "women",
      "top": false,
      "size": ["80C", "80D", "85B", "85C", "90B", "90C", "95B", "95C"]
    },
    {
      "id": "6665336358",
      "title": "Бюстгальтер Супер Пуш-ап Elettra Summer Breeze",
      "description": "Бюстгальтер Elettra с эффектом супер пуш-ап. Формованные чашки с объемным градуированным уплотнением и косточками. Модель выполнена из мягкого эластичного кружева с эффектом вышивки «сангалло». Детали контрастного цвета. Двойные бретели контрастного цвета регулируются на спинке. Изделие позволяет подчеркнуть зону декольте, визуально увеличивая грудь на один размер.",
      "category": "bras",
      "price": 4490,
      "colors": [8, 6, 2],
      "pic": "img/6665336358.jpg",
      "materials": "Полиамид",
      "gender": "women",
      "top": false,
      "size": ["65C", "65D", "70C", "70D", "75C", "75D", "80D", "85D", "90C"]
    },
    {
      "id": "4129767495",
      "title": "Кружевной Бюстгальтер Треугольной Формы Lara",
      "description": "Бюстгальтер Lara с треугольными чашками без уплотнения и косточек. Кружевные чашки с нижним слоем из мягкого тюля по бокам. Боковые косточки и передняя часть пояса из микрофибры помогают поддерживать грудь. Задняя часть пояса с нижним слоем из тюля застегивается на крючки (четыре ряда по три крючка в высоту). Бретели регулируются на спинке. Для лучшей поддержки груди в чашках размеров 90C, 95B и 95C предусмотрена подкладка и специальная вставка, продолжающаяся от бретелей до пояса. Изделие выполнено из мягкого эластичного кружева с геометрическим узором. Отделка каймой придает модели романтичные нотки. Очень мягкий и удобный бюстгальтер для тех, кто ценит естественность и женственность в образе.",
      "category": "bras",
      "price": 3490,
      "colors": [2, 5],
      "pic": "img/4129767495.jpg",
      "materials": "Полиамид",
      "gender": "women",
      "top": true,
      "size": ["65C", "70C", "70D", "75C", "75D", "80C", "80D", "85C", "85D"]
    },
    {
      "id": "1908260974",
      "title": "Бюстгальтер Gioia Super Push-up из микрофибры, Чашка C-D",
      "description": "Модель GIOIA — бесшовный бюстгальтер super push up из микрофибры без косточек с мягкой градуированной чашкой и регулируемыми бретельками. Идеально подчеркивает декольте,сохраняя комфорт. Полностью отсутстувуют твёрдые детали.",
      "category": "bras",
      "price": 2990,
      "colors": [2],
      "pic": "img/1908260974.jpg",
      "materials": "Полиамид",
      "gender": "women",
      "top": false,
      "size": ["75C", "80C", "80D", "85E"]
    },
    {
      "id": "4242226388",
      "title": "Кружевной Бюстгальтер Балконет Elena",
      "description": "Бюстгальтер балконет Elena на косточках. Чашки, уплотненные в нижней части, обеспечивают мягкую поддержку и естественный вид груди. Внутренняя сторона чашек покрыта хлопковой тканью. В бюстгальтерах с размером чашки 85 и выше  предусмотрена внутренняя чашка, которая полностью покрывает грудь, а также кружевной пояс для лучшей поддержки. Кроме того, более широкий пояс обеспечивает лучшее прилегание к телу. Бретели регулируются на спинке. Изделие выполнено из мягкого эластичного кружева с геометрическим узором. Отделка каймой придает модели романтичные нотки. Идеальное белье под одежду с глубоким вырезом для создания женственного и чувственного образа.",
      "category": "bras",
      "price": 3490,
      "colors": [5, 4, 3],
      "pic": "img/4242226388.jpg",
      "materials": "Полиамид",
      "gender": "women",
      "top": false,
      "size": ["70A", "70B", "70C", "75C", "75D", "75E", "80C"]
    },
    {
      "id": "3578472120",
      "title": "Бесшовные Бразильяно из Ультратонкой Микрофибры",
      "description": "Удобные трусики бразильяно из мягкой ультратонкой микрофибры с бесшовными краями.",
      "category": "panties",
      "price": 890,
      "colors": [2, 1, 6],
      "pic": "img/3578472120.jpg",
      "materials": "Хлопок",
      "gender": "women",
      "top": true,
      "size": ["S", "L", "XL"]
    },
    {
      "id": "8943372732",
      "title": "Кружевные Стринги с Тесемками по Бокам",
      "description": "Стринги из эластичного кружева с геометрическим узором. Отделка каймой придает модели романтичные нотки. По бокам узкие эластичные тесемки из микрофибры. ",
      "category": "panties",
      "price": 890,
      "colors": [1, 2],
      "pic": "img/8943372732.jpg",
      "materials": "Полиамид",
      "gender": "women",
      "top": false,
      "size": ["S", "M", "L"]
    },
    {
      "id": "1259205574",
      "title": "Кюлоты из Хлопка",
      "description": "Кюлоты в стиле шортиков из мягкого и легкого хлопка. Идеальный вариант повседневного комфортного белья.",
      "category": "panties",
      "price": 1290,
      "colors": [2, 1],
      "pic": "img/1259205574.jpg",
      "materials": "Хлопок",
      "gender": "women",
      "top": true,
      "size": ["M", "L", "XL"]
    },
    {
      "id": "9567901544",
      "title": "Высокие Кружевные Кюлоты",
      "description": "Высокие кюлоты с мягким эластичным поясом. Изделие выполнено из мягкого эластичного кружева с геометрическим узором. Отделка каймой придает модели романтичные нотки. Элегантный и женственный стиль.",
      "category": "panties",
      "price": 1690,
      "colors": [1, 2],
      "pic": "img/9567901544.jpg",
      "materials": "Полиамид",
      "gender": "women",
      "top": false,
      "size": ["S", "M", "L"]
    },
    {
      "id": "1729740927",
      "title": "Стринги Caitriona",
      "description": "Трусики, максимально открывающие ягодицы. Открытая модель добавляет бельевому образу пикантности.",
      "category": "panties",
      "price": 2990,
      "colors": [6, 2, 8],
      "pic": "img/1729740927.jpg",
      "materials": "Хлопок",
      "gender": "women",
      "top": true,
      "size": ["S", "M", "XL"]
    },
    {
      "id": "9797604200",
      "title": "Шортики Romana",
      "description": "Максимально прикрывают ягодицы. Слегка округляют формы, делая бедра подтянутыми и сексуальными.",
      "category": "panties",
      "price": 990,
      "colors": [1, 7],
      "pic": "img/9797604200.jpg",
      "materials": "Полиамид",
      "gender": "women",
      "top": true,
      "size": ["S", "L", "XL"]
    },
    {
      "id": "3513709926",
      "title": "Кружевные Стринги с Тесемками по Бокам",
      "description": "Стринги из эластичного кружева с геометрическим узором. Отделка каймой придает модели романтичные нотки. По бокам узкие эластичные тесемки из микрофибры. Модель особенно оценят те, кто ищет незаметное и сексуальное белье.",
      "category": "panties",
      "price": 1290,
      "colors": [2, 6, 7],
      "pic": "img/3513709926.jpg",
      "materials": "Полиамид",
      "gender": "women",
      "top": true,
      "size": ["XL"]
    },
    {
      "id": "7059142194",
      "title": "Бесшовные Бразильяно из Ультратонкой Микрофибры",
      "description": "Удобные трусики бразильяно из мягкой ультратонкой микрофибры с бесшовными краями.  Идеальный вариант для тех, кто ищет белье, незаметное под облегающей одеждой.",
      "category": "panties",
      "price": 890,
      "colors": [9, 1, 7],
      "pic": "img/7059142194.jpg",
      "materials": "Полиамид",
      "gender": "women",
      "top": false,
      "size": ["S", "M", "L"]
    },
    {
      "id": "0155606386",
      "title": "Высокие Кружевные Кюлоты",
      "description": "Высокие кюлоты с мягким эластичным поясом. Изделие выполнено из мягкого эластичного кружева с геометрическим узором. Отделка каймой придает модели романтичные нотки. Элегантный и женственный стиль.",
      "category": "panties",
      "price": 1690,
      "colors": [2, 7, 9],
      "pic": "img/0155606386.jpg",
      "materials": "Полиамид",
      "gender": "women",
      "top": true,
      "size": ["S", "XL"]
    },
    {
      "id": "0390181790",
      "title": "Стринги из Шелка и Кружева",
      "description": "Шелковые стринги с кружевной отделкой на боковых тесемках. ",
      "category": "panties",
      "price": 1990,
      "colors": [2, 6],
      "pic": "img/0390181790.jpg",
      "materials": "Хлопок",
      "gender": "women",
      "top": false,
      "size": ["S", "M", "L"]
    },
    {
      "id": "5386011733",
      "title": "Liliya Sweet",
      "description": "Носочки высокие, с вышивкой медвежонка.",
      "category": "socks",
      "price": 360,
      "colors": [2],
      "pic": "img/5386011733.jpg",
      "materials": "Хлопок",
      "gender": "women",
      "top": true,
      "size": ["36-38", "39-40"]
    },
    {
      "id": "1851156624",
      "title": "Мягкие Домашние Носки",
      "description": "Теплые, мягкие и удобные домашние носки в натуральных оттенках. Классическая длина.",
      "category": "socks",
      "price": 360,
      "colors": [2],
      "pic": "img/1851156624.jpg",
      "materials": "Полиэстер",
      "gender": "women",
      "top": false,
      "size": ["39-40"]
    },
    {
      "id": "0737788014",
      "title": "Носки с Шерстью Снаружи и Хлопком Внутри",
      "description": "Носки с Шерстью снаружи и хлопком внутри. Лазерная обработка края. Сформированная пятка",
      "category": "socks",
      "price": 650,
      "colors": [4, 5],
      "pic": "img/0737788014.jpg",
      "materials": "Шерсть",
      "gender": "women",
      "top": true,
      "size": ["36-38", "39-40"]
    },
    {
      "id": "2021205166",
      "title": "Кашемировые Носки с Леопардовым Рисунком",
      "description": "Очень теплые женские носки из мягкого кашемира в рубчик. Классическая длина. Леопардовый рисунок.",
      "category": "socks",
      "price": 800,
      "colors": [1, 9],
      "pic": "img/2021205166.jpg",
      "materials": "Полиамид",
      "gender": "women",
      "top": false,
      "size": ["36-38"]
    },
    {
      "id": "1579697076",
      "title": "Ажурные Шерстяные Гольфы",
      "description": "Теплые женские гольфы с ажурным узором из мягкой шерсти.",
      "category": "socks",
      "price": 1000,
      "colors": [10],
      "pic": "img/1579697076.jpg",
      "materials": "Шерсть",
      "gender": "women",
      "top": false,
      "size": ["36-38", "39-40"]
    },
    {
      "id": "5429463062",
      "title": "Короткие Хлопковые Носки без Резинки",
      "description": "Короткие женские хлопковые носки без резинки.",
      "category": "socks",
      "price": 400,
      "colors": [5],
      "pic": "img/5429463062.jpg",
      "materials": "Хлопок",
      "gender": "women",
      "top": true,
      "size": ["36-38", "39-40"]
    },
    {
      "id": "9914062467",
      "title": "Носки в Горошек",
      "description": "Женские хлопковые носки с элегантным рисунком «горошек». Классическая длина.",
      "category": "socks",
      "price": 500,
      "colors": [5, 3, 7],
      "pic": "img/9914062467.jpg",
      "materials": "Хлопок",
      "gender": "women",
      "top": false,
      "size": ["36-38", "39-40"]
    },
    {
      "id": "9893710366",
      "title": "Короткие Сетчатые Носки с Леопардовым Рисунком Eco",
      "description": "Короткие женские сетчатые носки с анималистическим рисунком. Плотность 50 ден. Экологичное волокно Q-Nova, из которого изготовлено это изделие, производят из регенерированного сырья с низким воздействием на окружающую среду.",
      "category": "socks",
      "price": 400,
      "colors": [1, 2],
      "pic": "img/9893710366.jpg",
      "materials": "Полиамид",
      "gender": "women",
      "top": false,
      "size": ["39-40"]
    },
    {
      "id": "0549740207",
      "title": "Ажурные Носки с Блестками",
      "description": "Ажурные женские носки из мягкого хлопка с блестящей нитью. Классическая длина.",
      "category": "socks",
      "price": 800,
      "colors": [2],
      "pic": "img/0549740207.jpg",
      "materials": "Полиамид",
      "gender": "women",
      "top": true,
      "size": ["36-38", "39-40"]
    },
    {
      "id": "1752783820",
      "title": "Халат женский домашний велюр на молнии",
      "description": "Красивый халат женский домашний подарит чувство комфорта и легкости. Наши халаты женские домашние имеют большие размеры и представлены до 58 размера, а это значит, халатик подойдет как женская одежда для беременных и кормящих, в роддом.",
      "category": "bathrobes",
      "price": 1770,
      "colors": [11],
      "pic": "img/1752783820.jpg",
      "materials": "Хлопок",
      "gender": "women",
      "top": false,
      "size": ["S", "M", "L"]
    },
    {
      "id": "0337986902",
      "title": "Халат женский пеньюар",
      "description": "Домашний женский халат из вискозы подарит чувство комфорта и легкости, идеальная посадка, не сковывает движений, выглядит стильно. Халат - традиционная домашняя одежда для женщин. Легкий трикотаж из вискозы идеально подходит для домашней одежды. ",
      "category": "bathrobes",
      "price": 1040,
      "colors": [1],
      "pic": "img/0337986902.jpg",
      "materials": "Вискоза",
      "gender": "women",
      "top": false,
      "size": ["S", "M"]
    },
    {
      "id": "2916287415",
      "title": "Халат домашний женский",
      "description": "Трикотажный элегантный домашний халат для беременных из вискозы с кружевом на запах Фэмили бэнд. ",
      "category": "bathrobes",
      "price": 1872,
      "colors": [1],
      "pic": "img/2916287415.jpg",
      "materials": "Эластон",
      "gender": "women",
      "top": false,
      "size": ["M", "L"]
    },
    {
      "id": "3624947901",
      "title": "Халат женский банный, махровый, теплый, домашний",
      "description": "Халат женский изготовлен из 100% хлопка. Натуральная махровая ткань - лучший материал для банных халатов. Благодаря особому плетению махра отлично впитывает влагу, при этом позволяет коже дышать, не вызывая раздражений. ",
      "category": "bathrobes",
      "price": 1872,
      "colors": [7, 2],
      "pic": "img/3624947901.jpg",
      "materials": "Хлопок",
      "gender": "women",
      "top": false,
      "size": ["M", "L"]
    },
    {
      "id": "3906611667",
      "title": "Халат женский домашний",
      "description": "Изящный длинный женский домашний халат или как многие привыкли называть - пеньюар сексуальный кружевной выполнен из вискозы и нежного эластичного кружева. Это отличная альтернатива домашним халатам и хлопковым пижамам.",
      "category": "bathrobes",
      "price": 1748,
      "colors": [12],
      "pic": "img/3906611667.jpg",
      "materials": "Эластон",
      "gender": "women",
      "top": true,
      "size": ["S", "L"]
    },
    {
      "id": "9256871035",
      "title": "Халат домашний, кимоно женское",
      "description": "Посмотри на наш халат кимоно и ты влюбишься в него с первого взгляда. Сексуальный пеньюар в восточном стиле заменит скучные женские домашние халаты. Изюминка наших женских халатов - их универсальность.",
      "category": "bathrobes",
      "price": 3490,
      "colors": [2],
      "pic": "img/9256871035.jpg",
      "materials": "Вискоза",
      "gender": "women",
      "top": false,
      "size": ["S", "M", "L"]
    },
    {
      "id": "9229031249",
      "title": "Халат женский на пуговицах длинный",
      "description": "Данный женский халат выполнен из трикотажного полотна - кулирка (ткань мягкая и приятная на ощупь). В нем вы расслабитесь и настроитесь на правильный домашний лад. Женский халат может стать отличным подарком для родных и близких (сестре, подруге, маме, бабушке) на любой праздник: день рождения, новоселье, 8 марта или новый год. Модель расклешенная (трапеция) подарит чувство комфорта и легкости, идеальная посадка не сковывает движений. ",
      "category": "bathrobes",
      "price": 2200,
      "colors": [5],
      "pic": "img/9229031249.jpg",
      "materials": "Хлопок",
      "gender": "women",
      "top": false,
      "size": ["S", "M"]
    },
    {
      "id": "0152066223",
      "title": "Халат женский на пуговицах длинный",
      "description": "Халат женский домашний исполняет все желания современных девушек. Изящный и легкий халат женский из атласа - идеальная повседневная домашняя одежда. Мягкая шелковистая ткань и соблазнительное декольте превращают его в любимое платье домашнее женское.",
      "category": "bathrobes",
      "price": 1876,
      "colors": [2],
      "pic": "img/0152066223.jpg",
      "materials": "Полиэстер",
      "gender": "women",
      "top": false,
      "size": ["S", "M", "L"]
    },
    {
      "id": "1199028703",
      "title": "Халат домашний шелковый ",
      "description": "Изящный халат женский домашний прямого силуэта на запах с поясом из мягкого струящегося шелка - незаменимая вещь в любое время года и в любом гардеробе для женщины, для девушки, для девочки. Полуприлегающий крой кимоно женское эффектно подчеркнет изгибы вашего тела, а V-образный вырез, обрамленный кружевом, выгодно украсит грудь. ",
      "category": "bathrobes",
      "price": 1840,
      "colors": [1],
      "pic": "img/1199028703.jpg",
      "materials": "Шелк",
      "gender": "women",
      "top": false,
      "size": ["S", "M", "L"]
    },
    {
      "id": "1582733935",
      "title": "Халат женский домашний тёплый",
      "description": "Халат женский для дома выполнен из гипоаллергенной ткани — велсофт. Износостойкое, мягкое, тёплое и лёгкое изделие позволит долго оставаться в тепле и уюте в холодное время года. Модель выполнена на запах, с капюшоном и двумя накладными карманами.",
      "category": "bathrobes",
      "price": 1812,
      "colors": [2],
      "pic": "img/1582733935.jpg",
      "materials": "Полиэстер",
      "gender": "women",
      "top": false,
      "size": ["S", "L"]
    },
    {
      "id": "9416556643",
      "title": "Топ Thermolactyl",
      "description": "Топ Thermolactyl обеспечивает нужное тепло. Тонкий эластичный рубчик 1x1 для вашего комфорта и приятного самочувствия.",
      "category": "thermal",
      "price": 1800,
      "colors": [2],
      "pic": "img/9416556643.jpg",
      "materials": "Полиэстер",
      "gender": "women",
      "top": false,
      "size": ["S", "M", "L"]
    },
    {
      "id": "0515746973",
      "title": "Водолазка с воротником-стойкой Thermolactyl",
      "description": "Флисовая поверхность: усовершенствованная модель - еще утонченнее и женственнее. Более толстый, удобный и такой же теплый материал! Те, кому всегда холодно, полюбят эту флисовую водолазку с длинными рукавами.",
      "category": "thermal",
      "price": 4300,
      "colors": [2],
      "pic": "img/0515746973.jpg",
      "materials": "Полиэстер",
      "gender": "women",
      "top": false,
      "size": ["S", "L"]
    },
    {
      "id": "2459032327",
      "title": "Термобелье женское",
      "description": "Хлопковое трикотажное полотно с начесом. Термобелье женское черного цвета состоит из джемпера и леггинс. Джемпер имеет приталенный силуэт и длинный рукав реглан. Полочка обработана декоративным швом.",
      "category": "thermal",
      "price": 1860,
      "colors": [2],
      "pic": "img/2459032327.jpg",
      "materials": "Полиэстер",
      "gender": "women",
      "top": true,
      "size": ["M", "L"]
    },
    {
      "id": "8899063294",
      "title": "Термобелье женское зимнее",
      "description": "Теплое женское зимнее термобелье Термофлекс 2022-2023 подойдет для всех, кому нужен комфорт в холодную погоду при любой физической активности, как для повседневной носки, так и для активных видов деятельности. ",
      "category": "thermal",
      "price": 1860,
      "colors": [6],
      "pic": "img/8899063294.jpg",
      "materials": "Полиэстер",
      "gender": "women",
      "top": true,
      "size": ["S", "M", "L"]
    },
    {
      "id": "7114582958",
      "title": "Термобелье женское Кальсоны женские/Гамаши",
      "description": "Кальсоны женские теплые (термобелье) - отлично подходят для холодного времени года. Леггинсы женские на зиму, теплые и эластичные, идеально облегают ноги, поэтому эту модель можно смело надевать не только под брюки, но и носить с юбкой и платьем. ",
      "category": "thermal",
      "price": 1340,
      "colors": [2],
      "pic": "img/7114582958.jpg",
      "materials": "Полиамид",
      "gender": "women",
      "top": true,
      "size": ["S", "M"]
    },
    {
      "id": "3052518735",
      "title": "Термобелье с Шерстью Active",
      "description": "Термокостюм необходим зимой, холодной весной и осенью каждой женщине и девушке, ведущей активный образ жизни. В комплект входят термо - кофта с манжетами на рукавах и штаны, выполненные из экологичного двухслойного полотна с Шерстью мериноса, лучше обычного трикотажа. ",
      "category": "thermal",
      "price": 3080,
      "colors": [2],
      "pic": "img/3052518735.jpg",
      "materials": "Вискоза",
      "gender": "women",
      "top": false,
      "size": ["S", "M", "L"]
    },
    {
      "id": "6689569892",
      "title": "Термокостюм ThermoCare",
      "description": "Бесшовный женский термокостюм из вискозы с цветочным рисунком ThermoCare Burlesco.",
      "category": "thermal",
      "price": 1260,
      "colors": [9, 10, 1],
      "pic": "img/6689569892.jpg",
      "materials": "Вискоза",
      "gender": "women",
      "top": false,
      "size": ["S", "M", "L"]
    },
    {
      "id": "9637982340",
      "title": "Термокомплект Севим",
      "description": "Термобельё женское - функциональная нательная одежда, которая поддерживает естественную терморегуляцию и отводит влагу от тела. Комплект термобелья состоит из термолонгслива и термолосин. ",
      "category": "thermal",
      "price": 2520,
      "colors": [6],
      "pic": "img/9637982340.jpg",
      "materials": "Полиэстер",
      "gender": "women",
      "top": false,
      "size": ["S", "M", "L"]
    },
    {
      "id": "8082351400",
      "title": "Термобелье женское зимнее шорты",
      "description": "Женские термотрусы серии SOFT. Диапазон комфорта: От -40⁰С до +10⁰С. Изящные и аккуратные, облегающие женские термопанталоны идеальны для защиты от холода чувствительных частей тела при самых сильных морозах. Шерстяные термотрусы можно надевать в качестве теплого нательного термобелья – эластичный и тонкий материал приятно облегает тело и ноги. Длинные термо трусы не образуют складок, не заметны под любой одеждой. Такие легкие обтягивающие панталоны подходят для занятий спортом низкой активности, йогой, фитнесом. ",
      "category": "thermal",
      "price": 3920,
      "colors": [2],
      "pic": "img/8082351400.jpg",
      "materials": "Полиэстер",
      "gender": "women",
      "top": false,
      "size": ["M", "L"]
    },
    {
      "id": "8507129804",
      "title": "Футболка согревающая Relaxsan полушерстяная компрессионная",
      "description": "Женские термотрусы серии SOFT. Диапазон комфорта: От -40⁰С до +10⁰С. Изящные и аккуратные, облегающие женские термопанталоны идеальны для защиты от холода чувствительных частей тела при самых сильных морозах. Шерстяные термотрусы можно надевать в качестве теплого нательного термобелья – эластичный и тонкий материал приятно облегает тело и ноги. Длинные термо трусы не образуют складок, не заметны под любой одеждой. Такие легкие обтягивающие панталоны подходят для занятий спортом низкой активности, йогой, фитнесом. ",
      "category": "thermal",
      "price": 4060,
      "colors": [10],
      "pic": "img/8507129804.jpg",
      "materials": "Хлопок",
      "gender": "women",
      "top": true,
      "size": ["S", "M", "L"]
    },
    {
      "id": "2070515556",
      "title": "Пижама флисовая",
      "description": "Пижама утепленная из флисового трикотажа. Верх с круглым вырезом, длинные рукава, вышивка спереди. Брюки на эластичном поясе, 2 боковых кармана, присборенный низ",
      "category": "pijamas",
      "price": 3254,
      "colors": [6],
      "pic": "img/2070515556.jpg",
      "materials": "Полиэстер",
      "gender": "women",
      "top": false,
      "size": ["S", "M", "L"]
    },
    {
      "id": "2525067858",
      "title": "Пижама велюровая в рубчик",
      "description": "Очень мягкий велюр всегда будет радовать нас и возвращаться в красивых цветах и ​​с удобной посадкой.",
      "category": "pijamas",
      "price": 5550,
      "colors": [7],
      "pic": "img/2525067858.jpg",
      "materials": "Полиэстер",
      "gender": "women",
      "top": false,
      "size": ["S", "M", "L"]
        },
    {
      "id": "0777411559",
      "title": "Пижама хлопковая с длинными рукавами",
      "description": "Верх с принтом спреди: круглый вырез. Приспущенные плечевые швы. Длинные рукава. Кулиска для завязывания на поясе. Брюки с принтом: пояс на резинке. Два косых кармана. Низ брючин на резинке.",
      "category": "pijamas",
      "price": 4321,
      "colors": [1],
      "pic": "img/0777411559.jpg",
      "materials": "Хлопок",
      "gender": "women",
      "top": false,
      "size": ["S", "M", "L"]
    },
    {
      "id": "9132462441",
      "title": "Пижама с шортами",
      "description": "Пижама с шортами из трикотажа джерси.",
      "category": "pijamas",
      "price": 1331,
      "colors": [5],
      "pic": "img/9132462441.jpg",
      "materials": "Хлопок",
      "gender": "women",
      "top": false,
      "size": ["S", "M", "L"]
    },
    {
      "id": "8688273634",
      "title": "Пижамная рубашка из шелка",
      "description": "Пижамная рубашка из шелка. Застежка на пуговицы по длине",
      "category": "pijamas",
      "price": 6499,
      "colors": [5],
      "pic": "img/8688273634.jpg",
      "materials": "Хлопок",
      "gender": "women",
      "top": false,
      "size": ["M", "L"]
    },
    {
      "id": "6375145392",
      "title": "Пижама из флисового трикотажа с узором зебра",
      "description": "Пижама из рифленого флисового трикотажа с узором зебра",
      "category": "pijamas",
      "price": 3021,
      "colors": [1],
      "pic": "img/6375145392.jpg",
      "materials": "Полиэстер",
      "gender": "women",
      "top": false,
      "size": ["S", "L"]
    },
    {
      "id": "8141478179",
      "title": "Пижама с шортами из трикотажа в мелкий рубчик",
      "description": "Футболка с тунисским вырезом на кнопках, длинные рукава, отделка оборками. Шорты на эластичном поясе с завязками, 2накладных кармана, отделка оборками. Трикотаж в мелкий рубчик",
      "category": "pijamas",
      "price": 2241,
      "colors": [10],
      "pic": "img/8141478179.jpg",
      "materials": "Хлопок",
      "gender": "women",
      "top": false,
      "size": ["M", "L"]
    },
    {
      "id": "2536208265",
      "title": "Топ с декольте из тюля",
      "description": "V-образное декольте с кружевной вставкой с воланом",
      "category": "pijamas",
      "price": 2849,
      "colors": [3],
      "pic": "img/2536208265.jpg",
      "materials": "Полиэстер",
      "gender": "women",
      "top": true,
      "size": ["S", "M"]
    },
    {
      "id": "0668210137",
      "title": "Пижама с длинными рукавами",
      "description": "Жакет с воротником-стойка на пуговицах спереди, перламутровые пуговицы. Длинные рукава. Нагрудный карман. Отделка кружевом кармана и низа рукавов. Брюки с эластичным поясом",
      "category": "pijamas",
      "price": 1364,
      "colors": [7],
      "pic": "img/0668210137.jpg",
      "materials": "Полиэстер",
      "gender": "women",
      "top": false,
      "size": ["S", "L"]
    },
    {
      "id": "2503579131",
      "title": "Пижама в полоску из биохлопка",
      "description": "Выберите эту невероятно комфортную пижаму из трикотажа 100% хлопок. Симпатичный верх в полоску в стиле тельняшки.",
      "category": "pijamas",
      "price": 2279,
      "colors": [5],
      "pic": "img/2503579131.jpg",
      "materials": "Хлопок",
      "gender": "women",
      "top": false,
      "size": ["S", "L"]
    },
    {
      "id": "3215522146",
      "title": "Трусы боксеры",
      "description": "Однотонные трусы-боксеры выполнены на 95% из хлопка и на 5% из лайкры. Этот небольшой процент эластичного материала делает их удобными и практичными в носке. При этом за ними просто ухаживать, после стирки они не растягиваются, не садятся и не меняют цвет. Модель имеет широкий мягкий пояс, который обеспечивает надежную фиксацию изделия даже во время активных движений. За счет прямого силуэта боксеры хорошо садятся на любой тип фигуры.",
      "category": "underwear",
      "price": 1499,
      "colors": [1],
      "pic": "img/3215522146.jpg",
      "materials": "Хлопок",
      "gender": "men",
      "top": true,
      "size": ["S", "M"]
    },
    {
      "id": "4462633987",
      "title": "Трусы боксеры с узорами",
      "description": "Невероятно комфортные боксеры из коллекции Extra Comfort с орнаментом. Получается невероятно приятный на ощупь, мягкий материал с отличными терморегуляционными свойствами. Боксеры созданы по уникальной бесшовной технологии, что дарит особый комфорт в ношении.",
      "category": "underwear",
      "price": 809,
      "colors": [5],
      "pic": "img/4462633987.jpg",
      "materials": "Хлопок",
      "gender": "men",
      "top": false,
      "size": ["M", "L", "XL"]
    },
    {
      "id": "4413664778",
      "title": "Трусы боксеры, комплект 2 шт",
      "description": "Новая коллекция, возьми с собой, очень удобные боксерыб не натирают при беге, ходьбе или других видах физической нагрузки",
      "category": "underwear",
      "price": 590,
      "colors": [1, 13],
      "pic": "img/4413664778.jpg",
      "materials": "Хлопок",
      "gender": "men",
      "top": false,
      "size": ["S", "L", "XL"]
    },
    {
      "id": "3186213662",
      "title": "Трусы боксеры удлиненные, с микро орнаментом",
      "description": "Удлиненные трусы-боксеры с микроорнаментом. Благодаря искусственным волокнам (всего 5%) белье облегает тело, хорошо тянется и сохраняет форму даже после частых стирок.",
      "category": "underwear",
      "price": 1299,
      "colors": [5],
      "pic": "img/3186213662.jpg",
      "materials": "Хлопок",
      "gender": "men",
      "top": true,
      "size": ["S", "M", "XL"]
    },
    {
      "id": "0704416647",
      "title": "Боксеры с Подтяжками из Эластичного Хлопка",
      "description": "Модель в стиле смокинга: со съемными подтяжками и бабочкой. Впереди по центру вставка из блестящего атласа с небольшими пуговицами. Пояс с мягкой резинкой внутри. Изделие мягко облегает фигуру.",
      "category": "underwear",
      "price": 2400,
      "colors": [1],
      "pic": "img/0704416647.jpg",
      "materials": "Хлопок",
      "gender": "men",
      "top": false,
      "size": ["S", "M", "L", "XL"]
    },
    {
      "id": "7707579418",
      "title": "Трусы из Эластичного Хлопка",
      "description": "Трусы из мягкого эластичного хлопка в горошек. Пояс с мягкой резинкой внутри. Изделие мягко облегает фигуру.",
      "category": "underwear",
      "price": 1400,
      "colors": [1],
      "pic": "img/7707579418.jpg",
      "materials": "Хлопок",
      "gender": "men",
      "top": true,
      "size": ["S", "M", "XL"]
    },
    {
      "id": "4197028764",
      "title": "Трусы из Эластичного Хлопка",
      "description": "Трусы из мягкого эластичного хлопка с принтом. Пояс с мягкой резинкой внутри. Изделие мягко облегает фигуру.",
      "category": "underwear",
      "price": 1499,
      "colors": [5],
      "pic": "img/4197028764.jpg",
      "materials": "Хлопок",
      "gender": "men",
      "top": true,
      "size": ["S", "L", "XL"]
    },
    {
      "id": "5946079276",
      "title": "Трусы из Хлопка Натуральная Свежесть",
      "description": "Трусы из ультратонкого хлопка серии Натуральная Свежесть — идеальное белье для тех, кто ценит легкость и комфорт. Благодаря особой легкости, мягкости и воздухопроницаемости этой натуральной ткани изделие практически незаметно на теле, обеспечивая при этом отличную посадку и поддержку.",
      "category": "underwear",
      "price": 1499,
      "colors": [10],
      "pic": "img/5946079276.jpg",
      "materials": "Хлопок",
      "gender": "men",
      "top": true,
      "size": ["S", "M", "L"]
    },
    {
      "id": "0085683440",
      "title": "Двухцветные Трусы из Эластичного Хлопка",
      "description": "Трусы из эластичного хлопка Supima® контрастной расцветки. Разноцветная мягкая наружная резинка с логотипом.",
      "category": "underwear",
      "price": 1499,
      "colors": [7],
      "pic": "img/0085683440.jpg",
      "materials": "Хлопок",
      "gender": "men",
      "top": false,
      "size": ["S", "M"]
    },
    {
      "id": "7687789495",
      "title": "Боксеры из эластичного хлопка с закрытой резинкой",
      "description": "Боксеры из эластичного хлопка с закрытой резинкой. Удобная облегающая модель с мягкими отверстиями для ног, выделяющимися швами и двойным клапаном спереди.",
      "category": "underwear",
      "price": 990,
      "colors": [2],
      "pic": "img/7687789495.jpg",
      "materials": "Хлопок",
      "gender": "men",
      "top": false,
      "size": ["S", "M", "L", "XL"]
    },
    {
      "id": "2261062418",
      "title": "носки мужские",
      "description": "Хлопковые высокие мужские носки с минималистичным рисунком ромбики на голени. Удобные, с широкой резинкой и кеттельным (плоским) швом на мыске. Благодаря сочетанию сдержанной палитры оттенков и минималистичного рисунка, эти носки идеально дополнят практически любой образ от простого повседневного до делового casual.",
      "category": "socks",
      "price": 131,
      "colors": [1],
      "pic": "img/2261062418.jpg",
      "materials": "Хлопок",
      "gender": "men",
      "top": true,
      "size": ["42-43", "44-45", "46-47"]
    },
    {
      "id": "0893694103",
      "title": "носки мужские",
      "description": "Хлопковые носки унисекс средней высоты выше щиколотки с комфортной широкой резинкой в рубчик и яркими сленговыми надписями на фронтальной и задней части. Удобная резинка обеспечивает идеальное облегание, а кеттельный (плоский) шов на мыске создает дополнительный комфорт.",
      "category": "socks",
      "price": 184,
      "colors": [2],
      "pic": "img/0893694103.jpg",
      "materials": "Хлопок",
      "gender": "men",
      "top": false,
      "size": ["37-39", "40-41", "46-47"]
    },
    {
      "id": "7250883315",
      "title": "носки мужские",
      "description": "Хлопковые носки унисекс средней высоты выше щиколотки с модным рисунком в виде знаковых городов мира. Удобная резинка обеспечивает идеальное облегание, а кеттельный (плоский) шов на мыске создает дополнительный комфорт. Урбанистический принт создает яркий акцент и привлекает внимание, а разнообразная палитра оттенков позволяет создавать контрастные сочетания и бесконечно экспериментировать со стилем.",
      "category": "socks",
      "price": 162,
      "colors": [1],
      "pic": "img/7250883315.jpg",
      "materials": "Хлопок",
      "gender": "men",
      "top": true,
      "size": ["40-41", "42-43"]
    },
    {
      "id": "1676762708",
      "title": "носки мужские",
      "description": "Хлопковые носки унисекс средней высоты выше щиколотки с модным рисунком в виде знаковых городов мира. Удобная резинка обеспечивает идеальное облегание, а кеттельный (плоский) шов на мыске создает дополнительный комфорт. Урбанистический принт создает яркий акцент и привлекает внимание, а разнообразная палитра оттенков позволяет создавать контрастные сочетания и бесконечно экспериментировать со стилем.",
      "category": "socks",
      "price": 162,
      "colors": [4, 9, 12],
      "pic": "img/1676762708.jpg",
      "materials": "Хлопок",
      "gender": "men",
      "top": false,
      "size": ["40-41", "42-43", "44-45", "46-47"]
    },
    {
      "id": "4492007648",
      "title": "носки мужские",
      "description": "Унисекс (для мужчин и женщин) носки укороченные (выше щиколотки). Ярких расцветок, с рисунком звездочки. Всесезонные. Изготовленные из хлопка (75%), с добавлением полиамида (20%) для лучшей износоустойчивости и эластана (5%) для лучшей сохранности формы. Носки из традиционного материала хлопок, обладают хорошей гигиеничностью и достаточной практичностью. Линия FREESTYLE разработана для тех, кто ценит свободный стиль, яркие решения и комфорт. Носки с классической длиной паголенка (1/3 голени). Двух бортная резинка (RIB), шириной - 4.0 см. Кеттельный (плоский) шов на мыске.",
      "category": "socks",
      "price": 283,
      "colors": [1],
      "pic": "img/4492007648.jpg",
      "materials": "Хлопок",
      "gender": "men",
      "top": false,
      "size": ["40-41", "42-43", "44-45"]
    },
    {
      "id": "3847309168",
      "title": "Носки TOKYO",
      "description": "Носки TOKYO - вдохновленные современной минималистичностью и прямотой Токийских небоскребов, прямиком к вам в коллекцию!",
      "category": "socks",
      "price": 303,
      "colors": [5],
      "pic": "img/3847309168.jpg",
      "materials": "Хлопок",
      "gender": "men",
      "top": false,
      "size": ["40-41", "42-43", "46-47"]
    },
    {
      "id": "3872463683",
      "title": "Мужские носки",
      "description": "Яркие носки Art of Color станут Вашим любимым аксессуаром. Натуральный хлопок, из которого изготовлены носки, а также его уютный цвет, дадут уверенность, что выбор был сделан верно. Стильные синие квадраты, асимметрично разбросанные по носку, добавляют изыска в Ваш образ.",
      "category": "socks",
      "price": 294,
      "colors": [3, 8, 13],
      "pic": "img/3872463683.jpg",
      "materials": "Хлопок",
      "gender": "men",
      "top": true,
      "size": ["42-43", "44-45", "46-47"]
    },
    {
      "id": "7049182065",
      "title": "Носки GREEN LAND",
      "description": "Классическая полоска в новой вариации. Подходят под любой образ, но особенно ярко будут смотреться в сдержанном варианте одежды. Носки не выцветают и не растягиваются после стирки.",
      "category": "socks",
      "price": 324,
      "colors": [4, 7, 11],
      "pic": "img/7049182065.jpg",
      "materials": "Хлопок",
      "gender": "men",
      "top": false,
      "size": ["42-43", "44-45", "46-47"]
    },
    {
      "id": "5685623649",
      "title": "Стильные мужские носки",
      "description": "Стильные носки станут достойным экземпляром в Вашей коллекции. Актуальный рисунок подойдет к спортивному или Casual образу. Более того, носки не теряют своих свойств и цвет после стирки.",
      "category": "socks",
      "price": 324,
      "colors": [8, 11, 12, 2],
      "pic": "img/5685623649.jpg",
      "materials": "Хлопок",
      "gender": "men",
      "top": false,
      "size": ["40-41", "46-47"]
    },
    {
      "id": "5459025509",
      "title": "Синее на чёрном мужские носки",
      "description": "Стильные носки благородного синего оттенка в диагональную полоску. Носки составят отличную компанию джинсам и паре кед.",
      "category": "socks",
      "price": 296,
      "colors": [5],
      "pic": "img/5459025509.jpg",
      "materials": "Хлопок",
      "gender": "men",
      "top": false,
      "size": ["40-41", "42-43", "46-47"]
    },
    {
      "id": "2782180237",
      "title": "Халат для дня и ночи",
      "description": "Мягкий трикотажный халат предлагает удобную одежду, идеально подходящую для уютного субботнего утра.",
      "category": "bathrobes",
      "price": 30020,
      "colors": [5],
      "pic": "img/2782180237.jpg",
      "materials": "Хлопок",
      "gender": "men",
      "top": true,
      "size": ["L"]
    },
    {
      "id": "8671960918",
      "title": "Мужской халат Игрок в поло",
      "description": "Хрустящий халат украшенный культовым принтом для игроков в поло, обеспечивает исключительный комфорт для ночного и выходного дня.",
      "category": "bathrobes",
      "price": 8720,
      "colors": [13],
      "pic": "img/8671960918.jpg",
      "materials": "Хлопок",
      "gender": "men",
      "top": true,
      "size": ["S"]
    },
    {
      "id": "0391112468",
      "title": "Мужской халат",
      "description": "Мягкий уютный флис Легкая изолирующая ткань",
      "category": "bathrobes",
      "price": 12300,
      "colors": [1],
      "pic": "img/0391112468.jpg",
      "materials": "Полиэстер",
      "gender": "men",
      "top": false,
      "size": ["L", "XL", "XXL"]
    },
    {
      "id": "0178456063",
      "title": "Уютный мужской халат",
      "description": "Флис: мягкий, уютный и изолирующий",
      "category": "bathrobes",
      "price": 5660,
      "colors": [4],
      "pic": "img/0178456063.jpg",
      "materials": "Полиэстер",
      "gender": "men",
      "top": true,
      "size": ["S", "M", "L", "XL"]
    },
    {
      "id": "6847696542",
      "title": "Мужской клетчатый плюшевый фланелевый халат",
      "description": "Придайте своему лаунж-стилю классический и удобный вид с классическим клетчатым и плюшевым фланелевым халатом этого клубного номера.",
      "category": "bathrobes",
      "price": 7220,
      "colors": [3],
      "pic": "img/6847696542.jpg",
      "materials": "Полиэстер",
      "gender": "men",
      "top": false,
      "size": ["S", "M", "L"]
    },
    {
      "id": "3690223678",
      "title": "Пушистый халат",
      "description": "Начните свой день в удобной и стильной мягкой одежде.",
      "category": "bathrobes",
      "price": 18330,
      "colors": [4],
      "pic": "img/3690223678.jpg",
      "materials": "Полиэстер",
      "gender": "men",
      "top": false,
      "size": ["L", "XL", "XXL"]
    },
    {
      "id": "8888866276",
      "title": "Мужской хлопковый халат-кионо для сна",
      "description": "Пышный внутри и снаружи халат в стиле кимоно выполнен из мягкого махрового велюра, отделанного передними карманами.",
      "category": "bathrobes",
      "price": 11770,
      "colors": [1],
      "pic": "img/8888866276.jpg",
      "materials": "Хлопок",
      "gender": "men",
      "top": true,
      "size": ["M", "L", "XL"]
    },
    {
      "id": "7693978817",
      "title": "Мужской современный эластичных халат",
      "description": "Мягкий френч терри из смесового хлопка создает уютную атмосферу в этом халатес шалевым воротником и капюшоном, придающими обновленный классический вид.",
      "category": "bathrobes",
      "price": 11090,
      "colors": [5],
      "pic": "img/7693978817.jpg",
      "materials": "Хлопок",
      "gender": "men",
      "top": false,
      "size": ["S", "M", "L", "XL", "XXL"]
    },
    {
      "id": "8767870745",
      "title": "Мужской флисовый халат с леопардовым рисунком",
      "description": "Супермягкий искусственный мех. Уютный и теплый.",
      "category": "bathrobes",
      "price": 3267,
      "colors": [7],
      "pic": "img/8767870745.jpg",
      "materials": "Хлопок",
      "gender": "men",
      "top": false,
      "size": ["L"]
    },
    {
      "id": "4086233064",
      "title": "мужские термокальсоны",
      "description": "Это — тонкий однослойный материал, который обеспечивает идеальную сухость и быстрое испарение пота, а также улучшает вентиляцию тела.",
      "category": "thermal",
      "price": 5950,
      "colors": [4],
      "pic": "img/4086233064.jpg",
      "materials": "Шерсть",
      "gender": "men",
      "top": true,
      "size": ["S", "M", "L"]
    },
    {
      "id": "4556144303",
      "title": "мужская термофутболка",
      "description": "Изделия из этого трикотажа годятся в качестве первого слоя одежды, который прилегает прямо к телу, или в качестве одного слоя в летний сезон. Приятный на ощупь материал отличается высокой воздухопроницаемостью и легкостью. ",
      "category": "thermal",
      "price": 5380,
      "colors": [4],
      "pic": "img/4556144303.jpg",
      "materials": "Шерсть",
      "gender": "men",
      "top": false,
      "size": ["S", "M", "L"]
    },
    {
      "id": "3991176455",
      "title": "мужские кальсоны",
      "description": "Хлопковые мужские кальсоны.",
      "category": "thermal",
      "price": 380,
      "colors": [1],
      "pic": "img/3991176455.jpg",
      "materials": "Шерсть",
      "gender": "men",
      "top": false,
      "size": ["S", "M", "L"]
    },
    {
      "id": "8879047048",
      "title": "мужская термофуфайка Аполлон",
      "description": "Мужская футболка – функциональное белье, главное свойство которого быстро отводить пот с поверхности тела, оставляя кожу сухой.",
      "category": "thermal",
      "price": 5330,
      "colors": [4],
      "pic": "img/8879047048.jpg",
      "materials": "Шерсть",
      "gender": "men",
      "top": false,
      "size": ["S", "M", "L"]
    },
    {
      "id": "4996381572",
      "title": "мужская мфгкая термофуфайка",
      "description": "Подойдет тем, кто проводит много времени на свежем воздухе при низких температурах. Идеальный выбор для повседневного использования. Отлично отводит влагу. Шерсть мериносов в изделии соответствует набору стандартов.",
      "category": "thermal",
      "price": 4900,
      "colors": [7],
      "pic": "img/4996381572.jpg",
      "materials": "Шерсть",
      "gender": "men",
      "top": true,
      "size": ["S", "M", "L"]
    },
    {
      "id": "9594420929",
      "title": "мужская термофуфайка охотник",
      "description": "Полная защита от холода и перегрева при движении и неподвижном пребывании на морозе. Модель для тех, кто нуждается в особом утеплении.",
      "category": "thermal",
      "price": 4800,
      "colors": [1],
      "pic": "img/9594420929.jpg",
      "materials": "Шерсть",
      "gender": "men",
      "top": false,
      "size": ["S", "M", "L"]
    },
    {
      "id": "2269903069",
      "title": "Бюстгальтер-балконет с мягкими съемными чашками",
      "description": "Новая конструкция Флоренция — идеальный вариант для поклонниц естественного силуэта. Мягкие чашки подчеркивают естественную форму груди, а нежное кружево делает образ романтичным.",
      "category": "bras",
      "price": 4700,
      "colors": [1],
      "pic": "img/2269903069.jpg",
      "materials": "Нейлон",
      "gender": "women",
      "top": true,
      "size": ["65B", "65C", "70B", "70C", "75B", "75C", "80B",  "85D", "95B", "95C"]
    },
    {
      "id": "9293076167",
      "title": "женские классические трусы",
      "description": "Нарядные женские классические трусы выполнены из высококачественного хлопка с добавлением лайкры, что обеспечивает высокую формоустойчивость изделия (после растяжения и стирки трусы обязательно примут первоначальную форму). Модель максимально закрытая, с широким боком, удачно скрывает недостатки фигуры. Передняя деталь украшена кружевом в цвет основному полотну, что делает нарядной эту модель. Ластовица продублирована хлопком. Высокая посадка, закрытые боковины и мягкое кружево создают телу комфорт в течение всего дня.",
      "category": "panties",
      "price": 1221,
      "colors": [1, 2],
      "pic": "img/9293076167.jpg",
      "materials": "Хлопок",
      "gender": "women",
      "top": true,
      "size": ["S", "M", "L", "XL"]
    },
    {
      "id": "8306385255",
      "title": "Трусы женские",
      "description": "Трусы женские",
      "category": "panties",
      "price": 288,
      "colors": [1,2,3,4,5,6,7,8,9,10,11,12,13],
      "pic": "img/8306385255.jpg",
      "materials": "Хлопок",
      "gender": "women",
      "top": false,
      "size": ["S", "M", "L"]
    },
    {
      "id": "9738807797",
      "title": "Трусы-слипы женские",
      "description": "Трусы слип - классическая модель, средняя посадка. Главное их преимущество - материал нового поколения MODAL, из которого они сшиты.",
      "category": "panties",
      "price": 823,
      "colors": [1, 9],
      "pic": "img/9738807797.jpg",
      "materials": "Хлопок",
      "gender": "women",
      "top": false,
      "size": ["S", "M", "L"]
    },
    {
      "id": "5323139856",
      "title": "Трусы-слип со средней линией талии",
      "description": "Выполнены из микрофибры без блеска и эластичного кружева с арнаментом полоска. Срезы по краю ножек обработаны на плоскошовной машине. Украшение: атласный бантик.",
      "category": "panties",
      "price": 805,
      "colors": [3, 6, 8],
      "pic": "img/5323139856.jpg",
      "materials": "Хлопок",
      "gender": "women",
      "top": false,
      "size": ["S", "M", "L"]
    },
    {
      "id": "3841652297",
      "title": "Бразилиано",
      "description": "Самая популярная модель трусиков — компромисс между удобством и сексуальностью. Сзади бразилиано сужаются к низу, образуя треугольник, приоткрывающий ягодицы.",
      "category": "panties",
      "price": 1490,
      "colors": [11, 5, 13],
      "pic": "img/3841652297.jpg",
      "materials": "Нейлон",
      "gender": "women",
      "top": true,
      "size": ["S", "M", "L", "XL"]
    },
    {
      "id": "1403251799",
      "title": "Стринги",
      "description": "Узкая боковая деталь делает ноги визуально более длинными и стройными. Посадку трусиков можно регулировать, приподнимая или опуская боковую деталь.",
      "category": "panties",
      "price": 1339,
      "colors": [11, 12, 5],
      "pic": "img/1403251799.jpg",
      "materials": "Нейлон",
      "gender": "women",
      "top": true,
      "size": ["S", "M", "L", "XL"]
    },
    {
      "id": "2838090358",
      "title": "Стринги",
      "description": "Трусики, максимально открывающие ягодицы. Открытая модель добавляет бельевому образу пикантности.",
      "category": "panties",
      "price": 1000,
      "colors": [10],
      "pic": "img/2838090358.jpg",
      "materials": "Нейлон",
      "gender": "women",
      "top": true,
      "size": ["S", "M", "L", "XL"]
    },
    {
      "id": "1121865783",
      "title": "шортики",
      "description": "Максимально прикрывают ягодицы. Слегка округляют формы, делая бедра подтянутыми и сексуальными.",
      "category": "panties",
      "price": 900,
      "colors": [1, 5, 9],
      "pic": "img/1121865783.jpg",
      "materials": "Полиамид",
      "gender": "women",
      "top": true,
      "size": ["XS", "L", "XL"]
    },
    {
      "id": "8370067353",
      "title": "Слипы Фалькон",
      "description": "Классические трусики, которые подходят любому типу фигуры. Слегка приоткрывают ягодицы и имеют широкую ластовицу. Модель считается самой универсальной и комфортной в носке.",
      "category": "panties",
      "price": 908,
      "colors": [13, 7],
      "pic": "img/8370067353.jpg",
      "materials": "Полиамид",
      "gender": "women",
      "top": false,
      "size": ["S", "M", "L"]
    },
    {
      "id": "2675777848",
      "title": "Слипы Кипр",
      "description": "Классические трусики, которые подходят любому типу фигуры. Слегка приоткрывают ягодицы и имеют широкую ластовицу. Модель считается самой универсальной и комфортной в носке.",
      "category": "panties",
      "price": 901,
      "colors": [3, 11],
      "pic": "img/2675777848.jpg",
      "materials": "Полиамид",
      "gender": "women",
      "top": false,
      "size": ["XS", "M", "L"]
    },
    {
      "id": "1325646028",
      "title": "Танга",
      "description": "Подчеркивают женственность и особую сексуальность.",
      "category": "panties",
      "price": 901,
      "colors": [1],
      "pic": "img/1325646028.jpg",
      "materials": "Полиамид",
      "gender": "women",
      "top": true,
      "size": ["S", "M", "L"]
    },
    {
      "id": "1985294482",
      "title": "Трусы слип Mauren",
      "description": "Полупрозрачная сетка почти не ощущается на теле.",
      "category": "panties",
      "price": 599,
      "colors": [1],
      "pic": "img/1985294482.jpg",
      "materials": "Сетка эластичная",
      "gender": "women",
      "top": false,
      "size": ["S", "M", "L"]
    },
    {
      "id": "4518614099",
      "title": "Трусы слип Millie",
      "description": "Трусы выполнены из кружева с эффектом \"макраме\" и декорированы мягкой широкой резинкой. \nКлассическая модель слип выполнена без шва по центру спереди, что обеспечит дополнительный комфорт в течение всего дня.\nЛастовица выполнена из 100% хлопка.",
      "category": "panties",
      "price": 899,
      "colors": [2],
      "pic": "img/4518614099.jpg",
      "materials": "Полиамид",
      "gender": "women",
      "top": false,
      "size": ["S", "M", "L"]
    },
    {
      "id": "5860316878",
      "title": "Трусы стринг Ange noir",
      "description": "Сексуальные трусики для жарких ночей",
      "category": "panties",
      "price": 799,
      "colors": [3],
      "pic": "img/5860316878.jpg",
      "materials": "Полиамид",
      "gender": "women",
      "top": false,
      "size": ["S", "M", "L"]
    },
    {
      "id": "5782143770",
      "title": "Трусы стринг red toys",
      "description": "Бельё для особого случая, идеально подходит для романтического вечера. Глянцевые атласные ткани коллекции в сочетании с сеткой усиливают праздничное настроение.",
      "category": "panties",
      "price": 999,
      "colors": [1],
      "pic": "img/5782143770.jpg",
      "materials": "Полиамид 71% + Хлопок",
      "gender": "women",
      "top": false,
      "size": ["S", "M", "L"]
    },
    {
      "id": "6545725882",
      "title": "Трусы хипстер с низкой посадкой",
      "description": "русы-хипстер с низкой посадкой изготовлены из гладкого и шелковистого бамбукового трикотажа по современной технологии без боковых швов. Нежный трикотаж невероятно приятен на ощупь, а также обладает рядом преимуществ: антибактериальными и гипоаллергенными свойствами, а также хорошей воздухопроницаемостью. Модель дополнена гигиенической ластовицей из 100% хлопка. Вырезы для ног обработаны плоским швом в подгибку без резинки. Трусы комфортно огибают ягодицы и подходят для повседневной носки.",
      "category": "panties",
      "price": 1189,
      "colors": [2],
      "pic": "img/6545725882.jpg",
      "materials": "76% бамбук, 17% полиамид, 7% эластан",
      "gender": "women",
      "top": false,
      "size": ["S", "M"]
    },
    {
      "id": "7766475167",
      "title": "Трусы слипы с низкой посадкой",
      "description": "Классические трусы-слипы из гладкой микрофибры. Модель на каждый день с низкой посадкой и деликатным вырезом на бёдрах выполнена по современной бесшовной технологии. Единственный плоский шов расположен под мягкой гигиенической ластовицей.",
      "category": "panties",
      "price": 889,
      "colors": [14],
      "pic": "img/7766475167.jpg",
      "materials": "92% полиамид, 7% эластан, 1% хлопок",
      "gender": "women",
      "top": false,
      "size": ["S", "M", "L"]
    },
    {
      "id": "2644928049",
      "title": "Трусы-стринг с низкой посадкой",
      "description": "Трусы - стринг с низкой посадкой изготовлены из гладкой микрофибры по современной технологии без боковых швов. Модель дополнена гигиенической ластовицей из 100% хлопка. Вырезы для ног обработаны плоским швом вподгибку с резинкой. Трусы максимально открывают ягодицы и идеально подходят для повседневной носки.",
      "category": "panties",
      "price": 889,
      "colors": [15],
      "pic": "img/2644928049.jpg",
      "materials": "93% полиамид, 7% эластан",
      "gender": "women",
      "top": false,
      "size": ["S", "M", "L"]
    },
    {
      "id": "7568793490",
      "title": "Трусы-стринг с высокой посадкой",
      "description": "Комфортные трусы-стринг с высокой посадкой изготовлены из шелковистой микрофибры по современной технологии без боковых швов. Анатомические фактурные вставки спереди и сзади изделия, а также широкая и плотная резинка в рубчик на поясе обеспечивают дополнительный комфорт. Модель дополнена мягкой гигиенической ластовицей из 100% хлопка. Вырезы для ног обработаны плоским швом вподгибку с резинкой. Модель идеально подходит для ежедневной носки.",
      "category": "panties",
      "price": 989,
      "colors": [2],
      "pic": "img/7568793490.jpg",
      "materials": "полиамид - 92%, эластан - 8%",
      "gender": "women",
      "top": false,
      "size": ["S", "M", "L"]
    },
    {
      "id": "9928267591",
      "title": "Трусики-стринги с вышивкой. Fougue",
      "description": "Трусики-стринги с вышивкой.",
      "category": "panties",
      "price": 1999,
      "colors": [3],
      "pic": "img/9928267591.jpg",
      "materials": "85.00 % Полиэстер, 15.00 % Эластан",
      "gender": "women",
      "top": false,
      "size": ["S", "M", "L"]
    },
    {
      "id": "0584878678",
      "title": "Волнистые трусики Amber shiny",
      "description": "Оригинальные волнистые трусики. Создавайте свой собственный наряд вместе с ними!",
      "category": "panties",
      "price": 999,
      "colors": [1],
      "pic": "img/0584878678.jpg",
      "materials": "57.00 % Металлические волокна, 43.00 % Полиэстер",
      "gender": "women",
      "top": false,
      "size": ["S", "M", "L"]
    },
    {
      "id": "7012125330",
      "title": "Трусики-танга из тюля с вышивкой Bonheur",
      "description": "Нижнее белье в романтическом стиле вдохновляет каждой деталью: вышитые цветы, женственный силуэт и эффектный вырез. Подберите бюстгальтер для комплекта!",
      "category": "panties",
      "price": 799,
      "colors": [10],
      "pic": "img/7012125330.jpg",
      "materials": "88.00 % Полиамид, 12.00 % Эластан",
      "gender": "women",
      "top": false,
      "size": ["S", "M", "L"]
    },
    {
      "id": "1700656915",
      "title": "Трусики-шортики из микрофибры",
      "description": "Трусики-шортики из микрофибры с кружевной окантовкой",
      "category": "panties",
      "price": 1199,
      "colors": [2],
      "pic": "img/1700656915.jpg",
      "materials": "75.00 % Полиамид, 25.00 % Эластан",
      "gender": "women",
      "top": false,
      "size": ["S", "M", "L"]
    },
    {
      "id": "6392381833",
      "title": "Кружевные трусики Panama",
      "description": "Покажите свою невероятную чувственность в этом легком кружеве с цветочным узором.",
      "category": "panties",
      "price": 1499,
      "colors": [10],
      "pic": "img/6392381833.jpg",
      "materials": "85.00 % Полиамид, 15.00 % Эластан",
      "gender": "women",
      "top": false,
      "size": ["S", "M", "L"]
    },
    {
      "id": "0688931320",
      "title": "Трусики с высокой регулируемой талией Envie",
      "description": "Мы сделали специальную коллекцию для мам и тех, кто готовится вот-вот ей стать: ультрамягкая, приятная и эластичная ткань и капелька роскошных кружев. Кто сказал, что будущим мамам нельзя носить изящное и чувственное нижнее белье? Трусики с высокой талией из мягкой и эластичной ткани садятся как вторая кожа, обеспечивая прекрасную поддержку и свободу движений во время беременности и даже после родов.",
      "category": "panties",
      "price": 999,
      "colors": [1],
      "pic": "img/0688931320.jpg",
      "materials": "76.00 % Полиамид, 24.00 % Эластан",
      "gender": "women",
      "top": false,
      "size": ["S", "M", "L"]
    },
    {
      "id": "3899016949",
      "title": "Кружевные танга Success",
      "description": "Изящно кружевные трусики танга.",
      "category": "panties",
      "price": 1699,
      "colors": [1],
      "pic": "img/3899016949.jpg",
      "materials": "80.00 % Полиамид, 20.00 % Эластан",
      "gender": "women",
      "top": true,
      "size": ["XS", "S", "M"]
    }
  ]
}
